<?xml version="1.0" encoding="UTF-8"?>
<!-- Created with TexturePacker http://www.codeandweb.com/texturepacker-->
<!-- $TexturePacker:SmartUpdate:139a936d37c15130b7e8e5dedcf4b75e:b1ac87a07962955a59d343550af65643:b67d47aca42b1f01fed429df433856e7$ -->
<TextureAtlas imagePath="achievements.png">
    <SubTexture name="10000" x="1820" y="1012" width="200" height="200"/>
    <SubTexture name="100000" x="1618" y="1012" width="200" height="200"/>
    <SubTexture name="1000000" x="1820" y="810" width="200" height="200"/>
    <SubTexture name="1000000_70" x="1874" y="1286" width="70" height="70"/>
    <SubTexture name="100000_70" x="1802" y="1286" width="70" height="70"/>
    <SubTexture name="10000_70" x="1730" y="1286" width="70" height="70"/>
    <SubTexture name="10000_speedy" x="1618" y="810" width="200" height="200"/>
    <SubTexture name="10000_speedy_70" x="1658" y="1286" width="70" height="70"/>
    <SubTexture name="15000" x="1416" y="1012" width="200" height="200"/>
    <SubTexture name="15000_70" x="1586" y="1286" width="70" height="70"/>
    <SubTexture name="20000" x="1820" y="608" width="200" height="200"/>
    <SubTexture name="20000_70" x="1514" y="1286" width="70" height="70"/>
    <SubTexture name="2500" x="1618" y="608" width="200" height="200"/>
    <SubTexture name="2500_70" x="1442" y="1286" width="70" height="70"/>
    <SubTexture name="5000" x="1416" y="810" width="200" height="200"/>
    <SubTexture name="5000_70" x="1370" y="1286" width="70" height="70"/>
    <SubTexture name="7500" x="1214" y="1012" width="200" height="200"/>
    <SubTexture name="7500_70" x="1298" y="1286" width="70" height="70"/>
    <SubTexture name="all_achievements" x="1820" y="406" width="200" height="200"/>
    <SubTexture name="all_achievements_70" x="1226" y="1286" width="70" height="70"/>
    <SubTexture name="ballons-touches" x="1618" y="406" width="200" height="200"/>
    <SubTexture name="ballons-touches_70" x="1154" y="1286" width="70" height="70"/>
    <SubTexture name="cielcouchant" x="606" y="2" width="300" height="150"/>
    <SubTexture name="cielcouchant2" x="304" y="154" width="300" height="150"/>
    <SubTexture name="cielgris" x="2" y="306" width="300" height="150"/>
    <SubTexture name="coups-recus" x="1416" y="608" width="200" height="200"/>
    <SubTexture name="coups-recus_70" x="1082" y="1286" width="70" height="70"/>
    <SubTexture name="debloque-tous-les-modes" x="1214" y="810" width="200" height="200"/>
    <SubTexture name="debloque-tous-les-modes_70" x="1010" y="1286" width="70" height="70"/>
    <SubTexture name="distance_100" x="1012" y="1012" width="200" height="200"/>
    <SubTexture name="distance_1000" x="1416" y="406" width="200" height="200"/>
    <SubTexture name="distance_10000" x="1214" y="608" width="200" height="200"/>
    <SubTexture name="distance_100000" x="1012" y="810" width="200" height="200"/>
    <SubTexture name="distance_100000_70" x="938" y="1286" width="70" height="70"/>
    <SubTexture name="distance_10000_70" x="866" y="1286" width="70" height="70"/>
    <SubTexture name="distance_1000_70" x="794" y="1308" width="70" height="70"/>
    <SubTexture name="distance_1000_teleport" x="810" y="1012" width="200" height="200"/>
    <SubTexture name="distance_1000_teleport_70" x="1904" y="1214" width="70" height="70"/>
    <SubTexture name="distance_100_70" x="1832" y="1214" width="70" height="70"/>
    <SubTexture name="distance_1500" x="1214" y="406" width="200" height="200"/>
    <SubTexture name="distance_1500_70" x="1760" y="1214" width="70" height="70"/>
    <SubTexture name="distance_500" x="1012" y="608" width="200" height="200"/>
    <SubTexture name="distance_500_70" x="1688" y="1214" width="70" height="70"/>
    <SubTexture name="ennemis-repousses" x="810" y="810" width="200" height="200"/>
    <SubTexture name="ennemis-repousses_70" x="1616" y="1214" width="70" height="70"/>
    <SubTexture name="etoilenew" x="204" y="458" width="46" height="44" frameX="-2" frameY="-1" frameWidth="50" frameHeight="50"/>
    <SubTexture name="fond-ciel" x="304" y="2" width="300" height="150"/>
    <SubTexture name="fromages-aspires" x="1012" y="406" width="200" height="200"/>
    <SubTexture name="fromages-aspires_70" x="1544" y="1214" width="70" height="70"/>
    <SubTexture name="fromages_recoltes" x="810" y="608" width="200" height="200"/>
    <SubTexture name="fromages_recoltes_70" x="1472" y="1214" width="70" height="70"/>
    <SubTexture name="fromages_recoltes_sumparties" x="810" y="406" width="200" height="200"/>
    <SubTexture name="fromages_recoltes_sumparties_70" x="1400" y="1214" width="70" height="70"/>
    <SubTexture name="fruits_recoltes" x="608" y="1034" width="200" height="200"/>
    <SubTexture name="fruits_recoltes_70" x="1328" y="1214" width="70" height="70"/>
    <SubTexture name="fruits_recoltes_sumparties" x="608" y="832" width="200" height="200"/>
    <SubTexture name="fruits_recoltes_sumparties_70" x="1256" y="1214" width="70" height="70"/>
    <SubTexture name="generique" x="608" y="630" width="200" height="200"/>
    <SubTexture name="generique_70" x="1184" y="1214" width="70" height="70"/>
    <SubTexture name="hauteur-max" x="608" y="428" width="200" height="200"/>
    <SubTexture name="hauteur-max_70" x="1112" y="1214" width="70" height="70"/>
    <SubTexture name="max_fromages_carried" x="1818" y="204" width="200" height="200"/>
    <SubTexture name="max_fromages_carried_70" x="1040" y="1214" width="70" height="70"/>
    <SubTexture name="mourir-sans-fromage" x="1616" y="204" width="200" height="200"/>
    <SubTexture name="mourir-sans-fromage_70" x="968" y="1214" width="70" height="70"/>
    <SubTexture name="nb_parties_jouees" x="1414" y="204" width="200" height="200"/>
    <SubTexture name="nb_parties_jouees_70" x="896" y="1214" width="70" height="70"/>
    <SubTexture name="nombre_sauts" x="1212" y="204" width="200" height="200"/>
    <SubTexture name="nombre_sauts_70" x="824" y="1214" width="70" height="70"/>
    <SubTexture name="nombre_sauts_sumparties" x="1010" y="204" width="200" height="200"/>
    <SubTexture name="nombre_sauts_sumparties_70" x="722" y="1308" width="70" height="70"/>
    <SubTexture name="nuit" x="2" y="154" width="300" height="150"/>
    <SubTexture name="nuit2" x="2" y="2" width="300" height="150"/>
    <SubTexture name="perdre-plus-de-cent-froms" x="808" y="204" width="200" height="200"/>
    <SubTexture name="perdre-plus-de-cent-froms_70" x="752" y="1236" width="70" height="70"/>
    <SubTexture name="plateformes_detruites" x="406" y="1114" width="200" height="200"/>
    <SubTexture name="plateformes_detruites_70" x="650" y="1308" width="70" height="70"/>
    <SubTexture name="plateformes_detruites_sumparties" x="406" y="912" width="200" height="200"/>
    <SubTexture name="plateformes_detruites_sumparties_70" x="680" y="1236" width="70" height="70"/>
    <SubTexture name="plumes_recoltes" x="406" y="710" width="200" height="200"/>
    <SubTexture name="plumes_recoltes_70" x="608" y="1236" width="70" height="70"/>
    <SubTexture name="plumes_recoltes_sumparties" x="406" y="508" width="200" height="200"/>
    <SubTexture name="plumes_recoltes_sumparties_70" x="722" y="356" width="70" height="70"/>
    <SubTexture name="souris_devorees" x="204" y="1114" width="200" height="200"/>
    <SubTexture name="souris_devorees_70" x="650" y="356" width="70" height="70"/>
    <SubTexture name="souris_devorees_sumparties" x="204" y="912" width="200" height="200"/>
    <SubTexture name="souris_devorees_sumparties_70" x="578" y="356" width="70" height="70"/>
    <SubTexture name="souris_nourries" x="204" y="710" width="200" height="200"/>
    <SubTexture name="souris_nourries_70" x="1918" y="74" width="70" height="70"/>
    <SubTexture name="souris_nourries_sumparties" x="204" y="508" width="200" height="200"/>
    <SubTexture name="souris_nourries_sumparties_70" x="506" y="378" width="70" height="70"/>
    <SubTexture name="temps_passe_avare" x="1716" y="2" width="200" height="200"/>
    <SubTexture name="temps_passe_avare_70" x="578" y="1316" width="70" height="70"/>
    <SubTexture name="temps_passe_diabolique" x="1514" y="2" width="200" height="200"/>
    <SubTexture name="temps_passe_diabolique_70" x="506" y="1316" width="70" height="70"/>
    <SubTexture name="temps_passe_difficile" x="1312" y="2" width="200" height="200"/>
    <SubTexture name="temps_passe_difficile_70" x="434" y="1316" width="70" height="70"/>
    <SubTexture name="temps_passe_ennemis" x="1110" y="2" width="200" height="200"/>
    <SubTexture name="temps_passe_ennemis_70" x="362" y="1316" width="70" height="70"/>
    <SubTexture name="temps_passe_fly" x="908" y="2" width="200" height="200"/>
    <SubTexture name="temps_passe_fly_70" x="290" y="1316" width="70" height="70"/>
    <SubTexture name="temps_passe_normal" x="606" y="154" width="200" height="200"/>
    <SubTexture name="temps_passe_normal_70" x="218" y="1316" width="70" height="70"/>
    <SubTexture name="temps_passe_simplesouris" x="304" y="306" width="200" height="200"/>
    <SubTexture name="temps_passe_simplesouris_70" x="146" y="1316" width="70" height="70"/>
    <SubTexture name="temps_passe_squelette" x="2" y="1064" width="200" height="200"/>
    <SubTexture name="temps_passe_squelette_70" x="74" y="1316" width="70" height="70"/>
    <SubTexture name="temps_passe_vampire" x="2" y="862" width="200" height="200"/>
    <SubTexture name="temps_passe_vampire_70" x="1918" y="2" width="70" height="70"/>
    <SubTexture name="tous-les-pouvoirs" x="2" y="660" width="200" height="200"/>
    <SubTexture name="tous-les-pouvoirs_70" x="506" y="306" width="70" height="70"/>
    <SubTexture name="trollface" x="2" y="458" width="200" height="200"/>
    <SubTexture name="trollface_70" x="2" y="1316" width="70" height="70"/>
</TextureAtlas>
