<?xml version="1.0" encoding="UTF-8"?>
<!-- Created with TexturePacker http://www.codeandweb.com/texturepacker-->
<!-- $TexturePacker:SmartUpdate:335dd532563f617887bf2c1d59459feb$ -->
<TextureAtlas imagePath="achievements2.png">
    <SubTexture name="all_achievements" x="608" y="1416" width="200" height="200"/>
    <SubTexture name="all_achievements_70" x="1400" y="1976" width="70" height="70"/>
    <SubTexture name="ballon-somme" x="608" y="1214" width="200" height="200"/>
    <SubTexture name="ballon-somme_70" x="1400" y="1904" width="70" height="70"/>
    <SubTexture name="ballons-touches" x="608" y="1012" width="200" height="200"/>
    <SubTexture name="ballons-touches_70" x="1400" y="1832" width="70" height="70"/>
    <SubTexture name="coups-recus" x="608" y="810" width="200" height="200"/>
    <SubTexture name="coups-recus_70" x="1370" y="1760" width="70" height="70"/>
    <SubTexture name="debloque-tous-les-modes" x="608" y="608" width="200" height="200"/>
    <SubTexture name="debloque-tous-les-modes_70" x="1328" y="1688" width="70" height="70"/>
    <SubTexture name="distance_100" x="1820" y="406" width="200" height="200"/>
    <SubTexture name="distance_1000" x="1618" y="406" width="200" height="200"/>
    <SubTexture name="distance_1000_70" x="1328" y="1616" width="70" height="70"/>
    <SubTexture name="distance_100_70" x="1328" y="1544" width="70" height="70"/>
    <SubTexture name="endurance" x="1416" y="406" width="200" height="200"/>
    <SubTexture name="endurance_70" x="1328" y="1472" width="70" height="70"/>
    <SubTexture name="ennemis-repousses" x="1214" y="406" width="200" height="200"/>
    <SubTexture name="ennemis-repousses_70" x="1260" y="1400" width="70" height="70"/>
    <SubTexture name="ennemis-somme" x="1012" y="406" width="200" height="200"/>
    <SubTexture name="ennemis-somme_70" x="1260" y="1328" width="70" height="70"/>
    <SubTexture name="etoile-off" x="884" y="1908" width="46" height="44" frameX="-2" frameY="-1" frameWidth="50" frameHeight="50"/>
    <SubTexture name="etoile-on" x="836" y="1908" width="46" height="44" frameX="-2" frameY="-1" frameWidth="50" frameHeight="50"/>
    <SubTexture name="etoiles" x="810" y="406" width="200" height="200"/>
    <SubTexture name="etoiles_70" x="1260" y="1256" width="70" height="70"/>
    <SubTexture name="fromages-aspires" x="608" y="406" width="200" height="200"/>
    <SubTexture name="fromages-aspires_70" x="1260" y="1184" width="70" height="70"/>
    <SubTexture name="fromages_recoltes" x="406" y="1820" width="200" height="200"/>
    <SubTexture name="fromages_recoltes_70" x="1260" y="1112" width="70" height="70"/>
    <SubTexture name="fromages_recoltes_sumparties" x="406" y="1618" width="200" height="200"/>
    <SubTexture name="fromages_recoltes_sumparties_70" x="1242" y="1040" width="70" height="70"/>
    <SubTexture name="fruits_recoltes" x="406" y="1416" width="200" height="200"/>
    <SubTexture name="fruits_recoltes_70" x="1242" y="968" width="70" height="70"/>
    <SubTexture name="fruits_recoltes_sumparties" x="406" y="1214" width="200" height="200"/>
    <SubTexture name="fruits_recoltes_sumparties_70" x="1242" y="896" width="70" height="70"/>
    <SubTexture name="gardien-fromage" x="406" y="1012" width="200" height="200"/>
    <SubTexture name="gardien-fromage_70" x="1242" y="824" width="70" height="70"/>
    <SubTexture name="generique" x="406" y="810" width="200" height="200"/>
    <SubTexture name="generique_70" x="1242" y="752" width="70" height="70"/>
    <SubTexture name="hauteur-max" x="406" y="608" width="200" height="200"/>
    <SubTexture name="hauteur-max_70" x="1242" y="680" width="70" height="70"/>
    <SubTexture name="max-caisses" x="406" y="406" width="200" height="200"/>
    <SubTexture name="max-caisses_70" x="1242" y="608" width="70" height="70"/>
    <SubTexture name="max-effets-declenches-fromage" x="1820" y="204" width="200" height="200"/>
    <SubTexture name="max-effets-declenches-fromage_70" x="1328" y="1976" width="70" height="70"/>
    <SubTexture name="max-fromages-donnes" x="1618" y="204" width="200" height="200"/>
    <SubTexture name="max-fromages-donnes_70" x="1328" y="1904" width="70" height="70"/>
    <SubTexture name="max-fromages-moisis" x="1416" y="204" width="200" height="200"/>
    <SubTexture name="max-fromages-moisis_70" x="1328" y="1832" width="70" height="70"/>
    <SubTexture name="max-plateforme-chocolat" x="1214" y="204" width="200" height="200"/>
    <SubTexture name="max-plateforme-chocolat_70" x="1298" y="1760" width="70" height="70"/>
    <SubTexture name="max-plateforme-lave" x="1012" y="204" width="200" height="200"/>
    <SubTexture name="max-plateforme-lave_70" x="1256" y="1688" width="70" height="70"/>
    <SubTexture name="max-plateforme-nuage" x="810" y="204" width="200" height="200"/>
    <SubTexture name="max-plateforme-nuage_70" x="1256" y="1616" width="70" height="70"/>
    <SubTexture name="max-plateforme-trampoline" x="608" y="204" width="200" height="200"/>
    <SubTexture name="max-plateforme-trampoline_70" x="1256" y="1544" width="70" height="70"/>
    <SubTexture name="max-plateformes-bois" x="406" y="204" width="200" height="200"/>
    <SubTexture name="max-plateformes-bois_70" x="1256" y="1472" width="70" height="70"/>
    <SubTexture name="max-pouvoirs" x="204" y="1820" width="200" height="200"/>
    <SubTexture name="max-pouvoirs_70" x="1188" y="1400" width="70" height="70"/>
    <SubTexture name="max-souris-mangees" x="204" y="1618" width="200" height="200"/>
    <SubTexture name="max-souris-mangees_70" x="1188" y="1328" width="70" height="70"/>
    <SubTexture name="max_fromages_carried" x="204" y="1416" width="200" height="200"/>
    <SubTexture name="max_fromages_carried_70" x="1188" y="1256" width="70" height="70"/>
    <SubTexture name="meilleur-score-somme" x="204" y="1214" width="200" height="200"/>
    <SubTexture name="meilleur-score-somme_70" x="1188" y="1184" width="70" height="70"/>
    <SubTexture name="meilleur-score" x="204" y="1012" width="200" height="200"/>
    <SubTexture name="meilleur-score_70" x="1188" y="1112" width="70" height="70"/>
    <SubTexture name="modes_100/avare" x="1014" y="1424" width="100" height="100"/>
    <SubTexture name="modes_100/boitemystere" x="1014" y="1322" width="100" height="100"/>
    <SubTexture name="modes_100/cauchemar" x="1014" y="1220" width="100" height="100"/>
    <SubTexture name="modes_100/difficile" x="1014" y="1118" width="100" height="100"/>
    <SubTexture name="modes_100/enfer" x="924" y="1016" width="100" height="100"/>
    <SubTexture name="modes_100/ennemigeant" x="924" y="914" width="100" height="100"/>
    <SubTexture name="modes_100/ennemis" x="924" y="812" width="100" height="100"/>
    <SubTexture name="modes_100/escalade" x="924" y="710" width="100" height="100"/>
    <SubTexture name="modes_100/hungry" x="924" y="608" width="100" height="100"/>
    <SubTexture name="modes_100/joueuse" x="938" y="1778" width="100" height="100"/>
    <SubTexture name="modes_100/lave" x="938" y="1676" width="100" height="100"/>
    <SubTexture name="modes_100/longjump" x="938" y="1574" width="100" height="100"/>
    <SubTexture name="modes_100/normal" x="912" y="1472" width="100" height="100"/>
    <SubTexture name="modes_100/nuage" x="912" y="1370" width="100" height="100"/>
    <SubTexture name="modes_100/parkour" x="912" y="1268" width="100" height="100"/>
    <SubTexture name="modes_100/rapide" x="912" y="1166" width="100" height="100"/>
    <SubTexture name="modes_100/sourisgeante" x="836" y="1806" width="100" height="100"/>
    <SubTexture name="modes_100/survival" x="836" y="1704" width="100" height="100"/>
    <SubTexture name="modes_100/teleportation" x="836" y="1602" width="100" height="100"/>
    <SubTexture name="modes_100/vanilla" x="810" y="1472" width="100" height="100"/>
    <SubTexture name="modes_100/variantes" x="810" y="1370" width="100" height="100"/>
    <SubTexture name="modes_100/volante" x="810" y="1268" width="100" height="100"/>
    <SubTexture name="modes_100/wood" x="810" y="1166" width="100" height="100"/>
    <SubTexture name="modes_70/avare" x="1170" y="1040" width="70" height="70"/>
    <SubTexture name="modes_70/boitemystere" x="1170" y="968" width="70" height="70"/>
    <SubTexture name="modes_70/cauchemar" x="1170" y="896" width="70" height="70"/>
    <SubTexture name="modes_70/difficile" x="1170" y="824" width="70" height="70"/>
    <SubTexture name="modes_70/enfer" x="1170" y="752" width="70" height="70"/>
    <SubTexture name="modes_70/ennemigeant" x="1170" y="680" width="70" height="70"/>
    <SubTexture name="modes_70/ennemis" x="1170" y="608" width="70" height="70"/>
    <SubTexture name="modes_70/escalade" x="1256" y="1976" width="70" height="70"/>
    <SubTexture name="modes_70/hungry" x="1256" y="1904" width="70" height="70"/>
    <SubTexture name="modes_70/joueuse" x="1256" y="1832" width="70" height="70"/>
    <SubTexture name="modes_70/lave" x="1226" y="1760" width="70" height="70"/>
    <SubTexture name="modes_70/longjump" x="1184" y="1688" width="70" height="70"/>
    <SubTexture name="modes_70/normal" x="1184" y="1616" width="70" height="70"/>
    <SubTexture name="modes_70/nuage" x="1184" y="1544" width="70" height="70"/>
    <SubTexture name="modes_70/parkour" x="1184" y="1472" width="70" height="70"/>
    <SubTexture name="modes_70/rapide" x="1116" y="1400" width="70" height="70"/>
    <SubTexture name="modes_70/sourisgeante" x="1116" y="1328" width="70" height="70"/>
    <SubTexture name="modes_70/survival" x="1116" y="1256" width="70" height="70"/>
    <SubTexture name="modes_70/teleportation" x="1116" y="1184" width="70" height="70"/>
    <SubTexture name="modes_70/vanilla" x="1116" y="1112" width="70" height="70"/>
    <SubTexture name="modes_70/variantes" x="1098" y="1040" width="70" height="70"/>
    <SubTexture name="modes_70/volante" x="1098" y="968" width="70" height="70"/>
    <SubTexture name="modes_70/wood" x="1098" y="896" width="70" height="70"/>
    <SubTexture name="mourir-sans-fromage" x="204" y="810" width="200" height="200"/>
    <SubTexture name="mourir-sans-fromage_70" x="1098" y="824" width="70" height="70"/>
    <SubTexture name="nb_parties_jouees" x="204" y="608" width="200" height="200"/>
    <SubTexture name="nb_parties_jouees_70" x="1098" y="752" width="70" height="70"/>
    <SubTexture name="nombre_sauts" x="204" y="406" width="200" height="200"/>
    <SubTexture name="nombre_sauts_70" x="1098" y="680" width="70" height="70"/>
    <SubTexture name="nombre_sauts_sumparties" x="204" y="204" width="200" height="200"/>
    <SubTexture name="nombre_sauts_sumparties_70" x="1098" y="608" width="70" height="70"/>
    <SubTexture name="perdre-plus-de-cent-froms" x="1820" y="2" width="200" height="200"/>
    <SubTexture name="perdre-plus-de-cent-froms_70" x="1026" y="1040" width="70" height="70"/>
    <SubTexture name="plateforme-bois" x="1618" y="2" width="200" height="200"/>
    <SubTexture name="plateforme-bois_70" x="1026" y="968" width="70" height="70"/>
    <SubTexture name="plateforme-chocolat" x="1416" y="2" width="200" height="200"/>
    <SubTexture name="plateforme-chocolat_70" x="1026" y="896" width="70" height="70"/>
    <SubTexture name="plateforme-nuage" x="1214" y="2" width="200" height="200"/>
    <SubTexture name="plateforme-nuage_70" x="1026" y="824" width="70" height="70"/>
    <SubTexture name="plateforme-trampoline" x="1012" y="2" width="200" height="200"/>
    <SubTexture name="plateforme-trampoline_70" x="1026" y="752" width="70" height="70"/>
    <SubTexture name="plateformes_detruites" x="810" y="2" width="200" height="200"/>
    <SubTexture name="plateformes_detruites_70" x="1026" y="680" width="70" height="70"/>
    <SubTexture name="plateformes_detruites_sumparties" x="608" y="2" width="200" height="200"/>
    <SubTexture name="plateformes_detruites_sumparties_70" x="1026" y="608" width="70" height="70"/>
    <SubTexture name="plumes_recoltes" x="406" y="2" width="200" height="200"/>
    <SubTexture name="plumes_recoltes_70" x="1184" y="1958" width="70" height="70"/>
    <SubTexture name="plumes_recoltes_sumparties" x="204" y="2" width="200" height="200"/>
    <SubTexture name="plumes_recoltes_sumparties_70" x="1184" y="1886" width="70" height="70"/>
    <SubTexture name="somme-caisses" x="2" y="1820" width="200" height="200"/>
    <SubTexture name="somme-caisses_70" x="1154" y="1814" width="70" height="70"/>
    <SubTexture name="somme-fromages-donnes" x="2" y="1618" width="200" height="200"/>
    <SubTexture name="somme-fromages-donnes_70" x="1112" y="1742" width="70" height="70"/>
    <SubTexture name="somme-max-pouvoirs" x="2" y="1416" width="200" height="200"/>
    <SubTexture name="somme-max-pouvoirs_70" x="1112" y="1670" width="70" height="70"/>
    <SubTexture name="somme-plateforme-lave" x="2" y="1214" width="200" height="200"/>
    <SubTexture name="somme-plateforme-lave_70" x="1112" y="1598" width="70" height="70"/>
    <SubTexture name="somme-souris-mangees" x="2" y="1012" width="200" height="200"/>
    <SubTexture name="somme-souris-mangees_70" x="1112" y="1526" width="70" height="70"/>
    <SubTexture name="souris_112/argentee" x="810" y="836" width="112" height="112"/>
    <SubTexture name="souris_112/bleue" x="810" y="722" width="112" height="112"/>
    <SubTexture name="souris_112/doree" x="810" y="608" width="112" height="112"/>
    <SubTexture name="souris_112/noire" x="722" y="1846" width="112" height="112"/>
    <SubTexture name="souris_112/normale" x="810" y="1062" width="112" height="102" frameX="0" frameY="-5" frameWidth="112" frameHeight="112"/>
    <SubTexture name="souris_112/rouge" x="722" y="1732" width="112" height="112"/>
    <SubTexture name="souris_112/squelette" x="810" y="950" width="112" height="110" frameX="0" frameY="-1" frameWidth="112" frameHeight="112"/>
    <SubTexture name="souris_112/turquoise" x="722" y="1618" width="112" height="112"/>
    <SubTexture name="souris_112/vampire" x="608" y="1846" width="112" height="112"/>
    <SubTexture name="souris_112/verte" x="608" y="1732" width="112" height="112"/>
    <SubTexture name="souris_112/violette" x="608" y="1618" width="112" height="112"/>
    <SubTexture name="souris_70/argentee" x="1112" y="1952" width="70" height="70"/>
    <SubTexture name="souris_70/bleue" x="1082" y="1880" width="70" height="70"/>
    <SubTexture name="souris_70/doree" x="1040" y="1742" width="70" height="70"/>
    <SubTexture name="souris_70/noire" x="1040" y="1670" width="70" height="70"/>
    <SubTexture name="souris_70/normale" x="1040" y="1814" width="70" height="64" frameX="0" frameY="-3" frameWidth="70" frameHeight="70"/>
    <SubTexture name="souris_70/rouge" x="1040" y="1598" width="70" height="70"/>
    <SubTexture name="souris_70/squelette" x="1040" y="1526" width="70" height="70"/>
    <SubTexture name="souris_70/turquoise" x="1040" y="1952" width="70" height="70"/>
    <SubTexture name="souris_70/vampire" x="1010" y="1880" width="70" height="70"/>
    <SubTexture name="souris_70/verte" x="968" y="1952" width="70" height="70"/>
    <SubTexture name="souris_70/violette" x="938" y="1880" width="70" height="70"/>
    <SubTexture name="souris_nourries" x="2" y="810" width="200" height="200"/>
    <SubTexture name="souris_nourries_70" x="896" y="1954" width="70" height="70"/>
    <SubTexture name="souris_nourries_sumparties" x="2" y="608" width="200" height="200"/>
    <SubTexture name="souris_nourries_sumparties_70" x="824" y="1960" width="70" height="70"/>
    <SubTexture name="temps-super-pouvoir" x="2" y="406" width="200" height="200"/>
    <SubTexture name="temps-super-pouvoir_70" x="752" y="1960" width="70" height="70"/>
    <SubTexture name="tous-les-pouvoirs" x="2" y="204" width="200" height="200"/>
    <SubTexture name="tous-les-pouvoirs_70" x="680" y="1960" width="70" height="70"/>
    <SubTexture name="trollface" x="2" y="2" width="200" height="200"/>
    <SubTexture name="trollface_70" x="608" y="1960" width="70" height="70"/>
    <SubTexture name="trophee-gris" x="840" y="1574" width="28" height="26" frameX="-2" frameY="-3" frameWidth="32" frameHeight="32"/>
    <SubTexture name="trophee-mini" x="810" y="1574" width="28" height="26" frameX="-2" frameY="-3" frameWidth="32" frameHeight="32"/>
</TextureAtlas>
