<?xml version="1.0" encoding="UTF-8"?>
<!-- Created with TexturePacker http://www.codeandweb.com/texturepacker-->
<!-- $TexturePacker:SmartUpdate:3e673c01450159f9215113703b3d3eac$ -->
<TextureAtlas imagePath="foreground2.png">
    <SubTexture name="1" x="90" y="1417" width="229" height="218" frameX="0" frameY="-4" frameWidth="229" frameHeight="222"/>
    <SubTexture name="2" x="2" y="52" width="1015" height="46" frameX="0" frameY="-4" frameWidth="1015" frameHeight="222"/>
    <SubTexture name="3" x="321" y="1488" width="225" height="222" frameX="0" frameY="0" frameWidth="229" frameHeight="222"/>
    <SubTexture name="4" x="2" y="905" width="45" height="649" frameX="-6" frameY="0" frameWidth="229" frameHeight="649"/>
    <SubTexture name="5_bleu" x="1777" y="1785" width="50" height="50"/>
    <SubTexture name="5_gris" x="1740" y="1955" width="50" height="50"/>
    <SubTexture name="5_jaune" x="1989" y="106" width="50" height="50"/>
    <SubTexture name="5_rouge" x="1725" y="1903" width="50" height="50"/>
    <SubTexture name="5_turquoise" x="1989" y="54" width="50" height="50"/>
    <SubTexture name="5_vert" x="1725" y="1851" width="50" height="50"/>
    <SubTexture name="5_violet" x="1989" y="2" width="50" height="50"/>
    <SubTexture name="6" x="49" y="905" width="39" height="649" frameX="-179" frameY="0" frameWidth="229" frameHeight="649"/>
    <SubTexture name="7" x="321" y="1250" width="229" height="236"/>
    <SubTexture name="8" x="2" y="2" width="1015" height="48" frameX="0" frameY="-188" frameWidth="1015" frameHeight="236"/>
    <SubTexture name="9" x="90" y="1179" width="229" height="236"/>
    <SubTexture name="PLV-shaman" x="2" y="369" width="272" height="534" frameX="-11" frameY="-6" frameWidth="294" frameHeight="550"/>
    <SubTexture name="anim_clap_souris/anim-clap0001" x="875" y="1848" width="110" height="129" frameX="-43" frameY="-15" frameWidth="214" frameHeight="155"/>
    <SubTexture name="anim_clap_souris/anim-clap0002" x="1323" y="1892" width="108" height="129" frameX="-44" frameY="-15" frameWidth="214" frameHeight="155"/>
    <SubTexture name="anim_clap_souris/anim-clap0003" x="1317" y="1761" width="108" height="129" frameX="-44" frameY="-15" frameWidth="214" frameHeight="155"/>
    <SubTexture name="anim_clap_souris/anim-clap0004" x="1213" y="1894" width="108" height="129" frameX="-43" frameY="-15" frameWidth="214" frameHeight="155"/>
    <SubTexture name="anim_clap_souris/anim-clap0005" x="1207" y="1763" width="108" height="129" frameX="-43" frameY="-15" frameWidth="214" frameHeight="155"/>
    <SubTexture name="anim_clap_souris/anim-clap0006" x="1298" y="1630" width="108" height="129" frameX="-43" frameY="-15" frameWidth="214" frameHeight="155"/>
    <SubTexture name="anim_clap_souris/anim-clap0007" x="1808" y="1038" width="124" height="133" frameX="-44" frameY="-11" frameWidth="214" frameHeight="155"/>
    <SubTexture name="anim_clap_souris/anim-clap0008" x="1097" y="1765" width="108" height="131" frameX="-43" frameY="-13" frameWidth="214" frameHeight="155"/>
    <SubTexture name="anim_clap_souris/anim-clap0009" x="1308" y="1499" width="108" height="129" frameX="-43" frameY="-15" frameWidth="214" frameHeight="155"/>
    <SubTexture name="anim_clap_souris/anim-clap0010" x="1408" y="1630" width="108" height="127" frameX="-43" frameY="-17" frameWidth="214" frameHeight="155"/>
    <SubTexture name="anim_clap_souris/anim-clap0011" x="1418" y="1499" width="108" height="123" frameX="-43" frameY="-21" frameWidth="214" frameHeight="155"/>
    <SubTexture name="anim_clap_souris/anim-clap0012" x="1427" y="1759" width="108" height="125" frameX="-43" frameY="-19" frameWidth="214" frameHeight="155"/>
    <SubTexture name="anim_clap_souris/anim-clap0013" x="1654" y="1220" width="108" height="127" frameX="-43" frameY="-17" frameWidth="214" frameHeight="155"/>
    <SubTexture name="anim_clap_souris/anim-clap0014" x="1182" y="1499" width="124" height="129" frameX="-44" frameY="-15" frameWidth="214" frameHeight="155"/>
    <SubTexture name="anim_clap_souris/anim-clap0015" x="987" y="1780" width="108" height="131" frameX="-43" frameY="-13" frameWidth="214" frameHeight="155"/>
    <SubTexture name="anim_clap_souris/anim-clap0016" x="956" y="1242" width="108" height="133" frameX="-43" frameY="-11" frameWidth="214" frameHeight="155"/>
    <SubTexture name="anim_clap_souris/anim-clap0017" x="629" y="1780" width="108" height="133" frameX="-43" frameY="-11" frameWidth="214" frameHeight="155"/>
    <SubTexture name="anim_clap_souris/anim-clap0018" x="1072" y="1632" width="108" height="131" frameX="-43" frameY="-13" frameWidth="214" frameHeight="155"/>
    <SubTexture name="anim_clap_souris/anim-clap0019" x="1182" y="1368" width="124" height="129" frameX="-44" frameY="-15" frameWidth="214" frameHeight="155"/>
    <SubTexture name="anim_clap_souris/anim-clap0020" x="1544" y="1223" width="108" height="127" frameX="-43" frameY="-17" frameWidth="214" frameHeight="155"/>
    <SubTexture name="anim_clap_souris/anim-clap0021" x="1426" y="1374" width="108" height="123" frameX="-43" frameY="-21" frameWidth="214" frameHeight="155"/>
    <SubTexture name="anim_clap_souris/anim-clap0022" x="1434" y="1223" width="108" height="127" frameX="-43" frameY="-17" frameWidth="214" frameHeight="155"/>
    <SubTexture name="anim_clap_souris/anim-clap0023" x="1324" y="1243" width="108" height="129" frameX="-43" frameY="-15" frameWidth="214" frameHeight="155"/>
    <SubTexture name="anim_clap_souris/anim-clap0024" x="1072" y="1499" width="108" height="131" frameX="-43" frameY="-13" frameWidth="214" frameHeight="155"/>
    <SubTexture name="anim_clap_souris/anim-clap0025" x="1934" y="1038" width="108" height="133" frameX="-43" frameY="-11" frameWidth="214" frameHeight="155"/>
    <SubTexture name="anim_clap_souris/anim-clap0026" x="1415" y="207" width="124" height="135" frameX="-44" frameY="-9" frameWidth="214" frameHeight="155"/>
    <SubTexture name="anim_clap_souris/anim-clap0027" x="1072" y="1366" width="108" height="131" frameX="-43" frameY="-13" frameWidth="214" frameHeight="155"/>
    <SubTexture name="anim_clap_souris/anim-clap0028" x="987" y="1913" width="108" height="129" frameX="-43" frameY="-15" frameWidth="214" frameHeight="155"/>
    <SubTexture name="anim_danse_souris/anim-danse0001" x="1633" y="1851" width="90" height="111" frameX="-61" frameY="-29" frameWidth="214" frameHeight="155"/>
    <SubTexture name="anim_danse_souris/anim-danse0002" x="1643" y="1473" width="96" height="111" frameX="-57" frameY="-29" frameWidth="214" frameHeight="155"/>
    <SubTexture name="anim_danse_souris/anim-danse0003" x="1740" y="1349" width="104" height="117" frameX="-51" frameY="-23" frameWidth="214" frameHeight="155"/>
    <SubTexture name="anim_danse_souris/anim-danse0004" x="1764" y="1230" width="116" height="117" frameX="-40" frameY="-23" frameWidth="214" frameHeight="155"/>
    <SubTexture name="anim_danse_souris/anim-danse0005" x="1196" y="1243" width="126" height="123" frameX="-31" frameY="-17" frameWidth="214" frameHeight="155"/>
    <SubTexture name="anim_danse_souris/anim-danse0006" x="1308" y="1374" width="116" height="123" frameX="-40" frameY="-17" frameWidth="214" frameHeight="155"/>
    <SubTexture name="anim_danse_souris/anim-danse0007" x="1536" y="1352" width="104" height="119" frameX="-51" frameY="-21" frameWidth="214" frameHeight="155"/>
    <SubTexture name="anim_danse_souris/anim-danse0008" x="1741" y="1468" width="96" height="119" frameX="-57" frameY="-21" frameWidth="214" frameHeight="155"/>
    <SubTexture name="anim_danse_souris/anim-danse0009" x="1629" y="1734" width="90" height="115" frameX="-61" frameY="-25" frameWidth="214" frameHeight="155"/>
    <SubTexture name="anim_danse_souris/anim-danse0010" x="1612" y="1617" width="90" height="115" frameX="-61" frameY="-25" frameWidth="214" frameHeight="155"/>
    <SubTexture name="anim_danse_souris/anim-danse0011" x="1541" y="1864" width="90" height="115" frameX="-77" frameY="-25" frameWidth="214" frameHeight="155"/>
    <SubTexture name="anim_danse_souris/anim-danse0012" x="1537" y="1747" width="90" height="115" frameX="-77" frameY="-25" frameWidth="214" frameHeight="155"/>
    <SubTexture name="anim_danse_souris/anim-danse0013" x="1839" y="1476" width="94" height="119" frameX="-74" frameY="-21" frameWidth="214" frameHeight="155"/>
    <SubTexture name="anim_danse_souris/anim-danse0014" x="1642" y="1352" width="96" height="119" frameX="-72" frameY="-21" frameWidth="214" frameHeight="155"/>
    <SubTexture name="anim_danse_souris/anim-danse0015" x="1846" y="1351" width="98" height="123" frameX="-71" frameY="-17" frameWidth="214" frameHeight="155"/>
    <SubTexture name="anim_danse_souris/anim-danse0016" x="1946" y="1351" width="96" height="123" frameX="-73" frameY="-17" frameWidth="214" frameHeight="155"/>
    <SubTexture name="anim_danse_souris/anim-danse0017" x="1935" y="1476" width="94" height="121" frameX="-74" frameY="-19" frameWidth="214" frameHeight="155"/>
    <SubTexture name="anim_danse_souris/anim-danse0018" x="1518" y="1624" width="92" height="121" frameX="-76" frameY="-19" frameWidth="214" frameHeight="155"/>
    <SubTexture name="anim_danse_souris/anim-danse0019" x="1882" y="1230" width="90" height="119" frameX="-77" frameY="-21" frameWidth="214" frameHeight="155"/>
    <SubTexture name="anim_pleure_souris/pleure0001" x="1182" y="1630" width="114" height="131" frameX="-51" frameY="-11" frameWidth="214" frameHeight="155"/>
    <SubTexture name="anim_pleure_souris/pleure0002" x="1097" y="1898" width="114" height="131" frameX="-51" frameY="-11" frameWidth="214" frameHeight="155"/>
    <SubTexture name="anim_pleure_souris/pleure0003" x="956" y="1512" width="114" height="133" frameX="-51" frameY="-9" frameWidth="214" frameHeight="155"/>
    <SubTexture name="anim_pleure_souris/pleure0004" x="1901" y="203" width="114" height="135" frameX="-51" frameY="-7" frameWidth="214" frameHeight="155"/>
    <SubTexture name="anim_pleure_souris/pleure0005" x="956" y="1377" width="114" height="133" frameX="-51" frameY="-9" frameWidth="214" frameHeight="155"/>
    <SubTexture name="anim_pleure_souris/pleure0006" x="956" y="1647" width="114" height="131" frameX="-51" frameY="-11" frameWidth="214" frameHeight="155"/>
    <SubTexture name="anim_pleure_souris/pleure0007" x="629" y="1915" width="114" height="131" frameX="-51" frameY="-11" frameWidth="214" frameHeight="155"/>
    <SubTexture name="backgrounds" x="958" y="1164" width="100" height="76" frameX="0" frameY="-12" frameWidth="100" frameHeight="100"/>
    <SubTexture name="cadenas" x="1433" y="1886" width="106" height="124" frameX="-10" frameY="-1" frameWidth="128" frameHeight="128"/>
    <SubTexture name="capsule" x="234" y="1840" width="191" height="194"/>
    <SubTexture name="chargement/0001" x="1623" y="1129" width="183" height="89" frameX="-1" frameY="0" frameWidth="185" frameHeight="89"/>
    <SubTexture name="chargement/0002" x="1623" y="1038" width="183" height="89" frameX="-1" frameY="0" frameWidth="185" frameHeight="89"/>
    <SubTexture name="chargement/0003" x="1822" y="947" width="183" height="89" frameX="-1" frameY="0" frameWidth="185" frameHeight="89"/>
    <SubTexture name="chargement/0004" x="1637" y="947" width="183" height="89" frameX="-1" frameY="0" frameWidth="185" frameHeight="89"/>
    <SubTexture name="chargement/0005" x="1236" y="1152" width="183" height="89" frameX="-1" frameY="0" frameWidth="185" frameHeight="89"/>
    <SubTexture name="chargement/0006" x="548" y="1689" width="183" height="89" frameX="-1" frameY="0" frameWidth="185" frameHeight="89"/>
    <SubTexture name="chargement/0007" x="1438" y="1132" width="183" height="89" frameX="-1" frameY="0" frameWidth="185" frameHeight="89"/>
    <SubTexture name="chargement/0008" x="1438" y="1041" width="183" height="89" frameX="-1" frameY="0" frameWidth="185" frameHeight="89"/>
    <SubTexture name="chargement/0009" x="1623" y="1129" width="183" height="89" frameX="-1" frameY="0" frameWidth="185" frameHeight="89"/>
    <SubTexture name="chargement/0010" x="1623" y="1038" width="183" height="89" frameX="-1" frameY="0" frameWidth="185" frameHeight="89"/>
    <SubTexture name="chargement/0011" x="1822" y="947" width="183" height="89" frameX="-1" frameY="0" frameWidth="185" frameHeight="89"/>
    <SubTexture name="chargement/0012" x="1637" y="947" width="183" height="89" frameX="-1" frameY="0" frameWidth="185" frameHeight="89"/>
    <SubTexture name="chargement/0013" x="1236" y="1152" width="183" height="89" frameX="-1" frameY="0" frameWidth="185" frameHeight="89"/>
    <SubTexture name="chargement/0014" x="548" y="1689" width="183" height="89" frameX="-1" frameY="0" frameWidth="185" frameHeight="89"/>
    <SubTexture name="chargement/0015" x="1438" y="1132" width="183" height="89" frameX="-1" frameY="0" frameWidth="185" frameHeight="89"/>
    <SubTexture name="chargement/0016" x="1438" y="1041" width="183" height="89" frameX="-1" frameY="0" frameWidth="185" frameHeight="89"/>
    <SubTexture name="chargement/0017" x="1623" y="1129" width="183" height="89" frameX="-1" frameY="0" frameWidth="185" frameHeight="89"/>
    <SubTexture name="chargement/0018" x="1623" y="1038" width="183" height="89" frameX="-1" frameY="0" frameWidth="185" frameHeight="89"/>
    <SubTexture name="chargement/0019" x="1822" y="947" width="183" height="89" frameX="-1" frameY="0" frameWidth="185" frameHeight="89"/>
    <SubTexture name="chargement/0020" x="1637" y="947" width="183" height="89" frameX="-1" frameY="0" frameWidth="185" frameHeight="89"/>
    <SubTexture name="chargement/0021" x="1236" y="1152" width="183" height="89" frameX="-1" frameY="0" frameWidth="185" frameHeight="89"/>
    <SubTexture name="chargement/0022" x="548" y="1689" width="183" height="89" frameX="-1" frameY="0" frameWidth="185" frameHeight="89"/>
    <SubTexture name="chargement/0023" x="1438" y="1132" width="183" height="89" frameX="-1" frameY="0" frameWidth="185" frameHeight="89"/>
    <SubTexture name="chargement/0024" x="1438" y="1041" width="183" height="89" frameX="-1" frameY="0" frameWidth="185" frameHeight="89"/>
    <SubTexture name="chargement/0025" x="1623" y="1129" width="183" height="89" frameX="-1" frameY="0" frameWidth="185" frameHeight="89"/>
    <SubTexture name="chargement/0026" x="1623" y="1038" width="183" height="89" frameX="-1" frameY="0" frameWidth="185" frameHeight="89"/>
    <SubTexture name="chargement/0027" x="1822" y="947" width="183" height="89" frameX="-1" frameY="0" frameWidth="185" frameHeight="89"/>
    <SubTexture name="chargement/0028" x="1637" y="947" width="183" height="89" frameX="-1" frameY="0" frameWidth="185" frameHeight="89"/>
    <SubTexture name="chargement/0029" x="1236" y="1152" width="183" height="89" frameX="-1" frameY="0" frameWidth="185" frameHeight="89"/>
    <SubTexture name="chargement/0030" x="548" y="1689" width="183" height="89" frameX="-1" frameY="0" frameWidth="185" frameHeight="89"/>
    <SubTexture name="chargement/0031" x="1438" y="950" width="183" height="89" frameX="-1" frameY="0" frameWidth="185" frameHeight="89"/>
    <SubTexture name="chargement/0032" x="1505" y="99" width="183" height="89" frameX="-1" frameY="0" frameWidth="185" frameHeight="89"/>
    <SubTexture name="decor-nuage1" x="2" y="100" width="598" height="267"/>
    <SubTexture name="decor-nuage2" x="276" y="650" width="385" height="217"/>
    <SubTexture name="decor-nuage3" x="1019" y="99" width="484" height="106"/>
    <SubTexture name="decor-nuage4" x="1019" y="2" width="669" height="95"/>
    <SubTexture name="decor-nuage5" x="338" y="1071" width="417" height="63"/>
    <SubTexture name="etoile-off" x="1589" y="291" width="46" height="44" frameX="-2" frameY="-1" frameWidth="50" frameHeight="50"/>
    <SubTexture name="etoile-on" x="1541" y="291" width="46" height="44" frameX="-2" frameY="-1" frameWidth="50" frameHeight="50"/>
    <SubTexture name="fleche-bleue" x="1633" y="1964" width="105" height="70" frameX="-1" frameY="0" frameWidth="107" frameHeight="70"/>
    <SubTexture name="fleche-jaune" x="1528" y="1545" width="105" height="70" frameX="-1" frameY="0" frameWidth="107" frameHeight="70"/>
    <SubTexture name="fleche-rouge" x="1536" y="1473" width="105" height="70" frameX="-1" frameY="0" frameWidth="107" frameHeight="70"/>
    <SubTexture name="fleche-verte" x="1066" y="1294" width="105" height="70" frameX="-1" frameY="0" frameWidth="107" frameHeight="70"/>
    <SubTexture name="fromage-icon" x="1541" y="1981" width="90" height="54"/>
    <SubTexture name="herbe1" x="663" y="625" width="353" height="241"/>
    <SubTexture name="herbe2" x="2" y="1637" width="290" height="201"/>
    <SubTexture name="herbe3" x="338" y="869" width="362" height="200"/>
    <SubTexture name="herbe4" x="757" y="1053" width="275" height="95"/>
    <SubTexture name="herbe5" x="702" y="868" width="327" height="183"/>
    <SubTexture name="herbe_2_1" x="294" y="1712" width="240" height="120"/>
    <SubTexture name="logo-atelier801-bleu-300" x="90" y="905" width="246" height="272" frameX="-26" frameY="-12" frameWidth="300" frameHeight="300"/>
    <SubTexture name="logo-rfc-free-ombre" x="276" y="369" width="380" height="279"/>
    <SubTexture name="logo-rfc-normal-ombre" x="602" y="100" width="400" height="254"/>
    <SubTexture name="meteorite1" x="658" y="356" width="323" height="267"/>
    <SubTexture name="meteorite2" x="2" y="1840" width="230" height="190"/>
    <SubTexture name="meteorite3" x="338" y="1136" width="247" height="112"/>
    <SubTexture name="meteorite4" x="1690" y="2" width="297" height="199"/>
    <SubTexture name="meteorite5" x="587" y="1136" width="137" height="147"/>
    <SubTexture name="mice_32/argentee" x="1777" y="1837" width="32" height="32"/>
    <SubTexture name="mice_32/bleue" x="1637" y="291" width="32" height="32"/>
    <SubTexture name="mice_32/doree" x="1989" y="158" width="32" height="32"/>
    <SubTexture name="mice_32/noire" x="1798" y="1589" width="32" height="32"/>
    <SubTexture name="mice_32/normale" x="983" y="592" width="32" height="30" frameX="0" frameY="-1" frameWidth="32" frameHeight="32"/>
    <SubTexture name="mice_32/rouge" x="1974" y="1313" width="32" height="32"/>
    <SubTexture name="mice_32/squelette" x="1196" y="1164" width="32" height="32"/>
    <SubTexture name="mice_32/turquoise" x="2007" y="947" width="32" height="32"/>
    <SubTexture name="mice_32/vampire" x="983" y="558" width="32" height="32"/>
    <SubTexture name="mice_32/verte" x="552" y="1250" width="32" height="32"/>
    <SubTexture name="mice_32/violette" x="276" y="869" width="32" height="32"/>
    <SubTexture name="modes" x="1704" y="1589" width="92" height="92" frameX="-4" frameY="-4" frameWidth="100" frameHeight="100"/>
    <SubTexture name="modes_200/avare" x="1236" y="950" width="200" height="200"/>
    <SubTexture name="modes_200/boitemystere" x="1034" y="962" width="200" height="200"/>
    <SubTexture name="modes_200/cauchemar" x="1839" y="745" width="200" height="200"/>
    <SubTexture name="modes_200/difficile" x="1637" y="745" width="200" height="200"/>
    <SubTexture name="modes_200/enfer" x="1435" y="748" width="200" height="200"/>
    <SubTexture name="modes_200/ennemigeant" x="1233" y="748" width="200" height="200"/>
    <SubTexture name="modes_200/ennemis" x="1031" y="760" width="200" height="200"/>
    <SubTexture name="modes_200/escalade" x="1826" y="543" width="200" height="200"/>
    <SubTexture name="modes_200/hungry" x="1791" y="341" width="200" height="200"/>
    <SubTexture name="modes_200/joueuse" x="1624" y="543" width="200" height="200"/>
    <SubTexture name="modes_200/lave" x="1589" y="341" width="200" height="200"/>
    <SubTexture name="modes_200/longjump" x="1422" y="546" width="200" height="200"/>
    <SubTexture name="modes_200/normal" x="1220" y="546" width="200" height="200"/>
    <SubTexture name="modes_200/nuage" x="1018" y="558" width="200" height="200"/>
    <SubTexture name="modes_200/parkour" x="1387" y="344" width="200" height="200"/>
    <SubTexture name="modes_200/rapide" x="1185" y="344" width="200" height="200"/>
    <SubTexture name="modes_200/sourisgeante" x="983" y="356" width="200" height="200"/>
    <SubTexture name="modes_200/survival" x="754" y="1646" width="200" height="200"/>
    <SubTexture name="modes_200/teleportation" x="552" y="1487" width="200" height="200"/>
    <SubTexture name="modes_200/vanilla" x="754" y="1444" width="200" height="200"/>
    <SubTexture name="modes_200/variantes" x="427" y="1834" width="200" height="200"/>
    <SubTexture name="modes_200/volante" x="754" y="1242" width="200" height="200"/>
    <SubTexture name="modes_200/wood" x="552" y="1285" width="200" height="200"/>
    <SubTexture name="montagne1" x="726" y="1150" width="230" height="90"/>
    <SubTexture name="montagne2" x="1004" y="207" width="409" height="135"/>
    <SubTexture name="montagne3" x="1808" y="1173" width="164" height="55"/>
    <SubTexture name="montagne4" x="1541" y="190" width="147" height="99"/>
    <SubTexture name="montagne5" x="1690" y="203" width="209" height="136"/>
    <SubTexture name="musique_off" x="1974" y="1247" width="64" height="64"/>
    <SubTexture name="musique_on" x="1721" y="1785" width="54" height="64" frameX="-5" frameY="0" frameWidth="64" frameHeight="64"/>
    <SubTexture name="son_off" x="2" y="1556" width="64" height="64"/>
    <SubTexture name="son_on" x="536" y="1780" width="64" height="50" frameX="0" frameY="-8" frameWidth="64" frameHeight="64"/>
    <SubTexture name="souris" x="1721" y="1683" width="78" height="100" frameX="-11" frameY="0" frameWidth="100" frameHeight="100"/>
    <SubTexture name="titres" x="745" y="1978" width="96" height="50" frameX="-2" frameY="-25" frameWidth="100" frameHeight="100"/>
    <SubTexture name="touch" x="1066" y="1164" width="128" height="128"/>
    <SubTexture name="touch3" x="745" y="1848" width="128" height="128"/>
    <SubTexture name="trophee" x="1974" y="1173" width="72" height="72" frameX="-12" frameY="-14" frameWidth="100" frameHeight="100"/>
</TextureAtlas>
