<?xml version="1.0" encoding="UTF-8"?>
<!-- Created with TexturePacker http://www.codeandweb.com/texturepacker-->
<!-- $TexturePacker:SmartUpdate:4a5a77ea8583844a04d5a39cbc0d32d8:bdea1f1377e8de8e3af0103332b25496:a87a9b94bd083cfe81ee96a9267e9916$ -->
<TextureAtlas imagePath="foreground.png">
    <SubTexture name="1" x="956" y="1035" width="229" height="218" frameX="0" frameY="-4" frameWidth="229" frameHeight="222"/>
    <SubTexture name="2" x="1019" y="2" width="1015" height="46" frameX="0" frameY="-4" frameWidth="1015" frameHeight="222"/>
    <SubTexture name="3" x="582" y="1324" width="225" height="222" frameX="0" frameY="0" frameWidth="229" frameHeight="222"/>
    <SubTexture name="4" x="2" y="1285" width="45" height="649" frameX="-6" frameY="0" frameWidth="229" frameHeight="649"/>
    <SubTexture name="5_bleu_70" x="1692" y="1150" width="256" height="256"/>
    <SubTexture name="5_gris_70" x="1324" y="889" width="256" height="256"/>
    <SubTexture name="5_jaune_70" x="1744" y="892" width="256" height="256"/>
    <SubTexture name="5_rouge_70" x="588" y="828" width="256" height="256"/>
    <SubTexture name="5_turquoise_70" x="589" y="570" width="256" height="256"/>
    <SubTexture name="5_vert_70" x="590" y="312" width="256" height="256"/>
    <SubTexture name="5_violet_70" x="1746" y="634" width="256" height="256"/>
    <SubTexture name="6" x="2004" y="634" width="39" height="649" frameX="-179" frameY="0" frameWidth="229" frameHeight="649"/>
    <SubTexture name="7" x="588" y="1086" width="229" height="236"/>
    <SubTexture name="8" x="2" y="2" width="1015" height="48" frameX="0" frameY="-188" frameWidth="1015" frameHeight="236"/>
    <SubTexture name="9" x="250" y="471" width="229" height="236"/>
    <SubTexture name="PLV-shaman" x="1746" y="50" width="272" height="534" frameX="-11" frameY="-6" frameWidth="294" frameHeight="550"/>
    <SubTexture name="anim_clap_souris/anim-clap0001" x="348" y="842" width="110" height="129" frameX="-43" frameY="-15" frameWidth="214" frameHeight="155"/>
    <SubTexture name="anim_clap_souris/anim-clap0002" x="49" y="1767" width="108" height="129" frameX="-44" frameY="-15" frameWidth="214" frameHeight="155"/>
    <SubTexture name="anim_clap_souris/anim-clap0003" x="49" y="1636" width="108" height="129" frameX="-44" frameY="-15" frameWidth="214" frameHeight="155"/>
    <SubTexture name="anim_clap_souris/anim-clap0004" x="1187" y="1070" width="108" height="129" frameX="-43" frameY="-15" frameWidth="214" frameHeight="155"/>
    <SubTexture name="anim_clap_souris/anim-clap0005" x="472" y="1505" width="108" height="129" frameX="-43" frameY="-15" frameWidth="214" frameHeight="155"/>
    <SubTexture name="anim_clap_souris/anim-clap0006" x="472" y="1374" width="108" height="129" frameX="-43" frameY="-15" frameWidth="214" frameHeight="155"/>
    <SubTexture name="anim_clap_souris/anim-clap0007" x="847" y="707" width="124" height="133" frameX="-44" frameY="-11" frameWidth="214" frameHeight="155"/>
    <SubTexture name="anim_clap_souris/anim-clap0008" x="348" y="1108" width="108" height="131" frameX="-43" frameY="-13" frameWidth="214" frameHeight="155"/>
    <SubTexture name="anim_clap_souris/anim-clap0009" x="819" y="1237" width="108" height="129" frameX="-43" frameY="-15" frameWidth="214" frameHeight="155"/>
    <SubTexture name="anim_clap_souris/anim-clap0010" x="159" y="1403" width="108" height="127" frameX="-43" frameY="-17" frameWidth="214" frameHeight="155"/>
    <SubTexture name="anim_clap_souris/anim-clap0011" x="159" y="1532" width="108" height="123" frameX="-43" frameY="-21" frameWidth="214" frameHeight="155"/>
    <SubTexture name="anim_clap_souris/anim-clap0012" x="49" y="1403" width="108" height="125" frameX="-43" frameY="-19" frameWidth="214" frameHeight="155"/>
    <SubTexture name="anim_clap_souris/anim-clap0013" x="269" y="1372" width="108" height="127" frameX="-43" frameY="-17" frameWidth="214" frameHeight="155"/>
    <SubTexture name="anim_clap_souris/anim-clap0014" x="1582" y="970" width="124" height="129" frameX="-44" frameY="-15" frameWidth="214" frameHeight="155"/>
    <SubTexture name="anim_clap_souris/anim-clap0015" x="472" y="1241" width="108" height="131" frameX="-43" frameY="-13" frameWidth="214" frameHeight="155"/>
    <SubTexture name="anim_clap_souris/anim-clap0016" x="112" y="226" width="108" height="133" frameX="-43" frameY="-11" frameWidth="214" frameHeight="155"/>
    <SubTexture name="anim_clap_souris/anim-clap0017" x="2" y="226" width="108" height="133" frameX="-43" frameY="-11" frameWidth="214" frameHeight="155"/>
    <SubTexture name="anim_clap_souris/anim-clap0018" x="472" y="1108" width="108" height="131" frameX="-43" frameY="-13" frameWidth="214" frameHeight="155"/>
    <SubTexture name="anim_clap_souris/anim-clap0019" x="846" y="842" width="124" height="129" frameX="-44" frameY="-15" frameWidth="214" frameHeight="155"/>
    <SubTexture name="anim_clap_souris/anim-clap0020" x="49" y="1274" width="108" height="127" frameX="-43" frameY="-17" frameWidth="214" frameHeight="155"/>
    <SubTexture name="anim_clap_souris/anim-clap0021" x="269" y="1501" width="108" height="123" frameX="-43" frameY="-21" frameWidth="214" frameHeight="155"/>
    <SubTexture name="anim_clap_souris/anim-clap0022" x="159" y="1274" width="108" height="127" frameX="-43" frameY="-17" frameWidth="214" frameHeight="155"/>
    <SubTexture name="anim_clap_souris/anim-clap0023" x="819" y="1106" width="108" height="129" frameX="-43" frameY="-15" frameWidth="214" frameHeight="155"/>
    <SubTexture name="anim_clap_souris/anim-clap0024" x="846" y="973" width="108" height="131" frameX="-43" frameY="-13" frameWidth="214" frameHeight="155"/>
    <SubTexture name="anim_clap_souris/anim-clap0025" x="348" y="973" width="108" height="133" frameX="-43" frameY="-11" frameWidth="214" frameHeight="155"/>
    <SubTexture name="anim_clap_souris/anim-clap0026" x="464" y="322" width="124" height="135" frameX="-44" frameY="-9" frameWidth="214" frameHeight="155"/>
    <SubTexture name="anim_clap_souris/anim-clap0027" x="1582" y="1101" width="108" height="131" frameX="-43" frameY="-13" frameWidth="214" frameHeight="155"/>
    <SubTexture name="anim_clap_souris/anim-clap0028" x="340" y="1241" width="108" height="129" frameX="-43" frameY="-15" frameWidth="214" frameHeight="155"/>
    <SubTexture name="anim_danse_souris/anim-danse0001" x="265" y="1819" width="90" height="111" frameX="-61" frameY="-29" frameWidth="214" frameHeight="155"/>
    <SubTexture name="anim_danse_souris/anim-danse0002" x="1950" y="1285" width="96" height="111" frameX="-57" frameY="-29" frameWidth="214" frameHeight="155"/>
    <SubTexture name="anim_danse_souris/anim-danse0003" x="159" y="1729" width="104" height="117" frameX="-51" frameY="-23" frameWidth="214" frameHeight="155"/>
    <SubTexture name="anim_danse_souris/anim-danse0004" x="348" y="177" width="116" height="117" frameX="-40" frameY="-23" frameWidth="214" frameHeight="155"/>
    <SubTexture name="anim_danse_souris/anim-danse0005" x="847" y="582" width="126" height="123" frameX="-31" frameY="-17" frameWidth="214" frameHeight="155"/>
    <SubTexture name="anim_danse_souris/anim-danse0006" x="348" y="52" width="116" height="123" frameX="-40" frameY="-17" frameWidth="214" frameHeight="155"/>
    <SubTexture name="anim_danse_souris/anim-danse0007" x="266" y="1698" width="104" height="119" frameX="-51" frameY="-21" frameWidth="214" frameHeight="155"/>
    <SubTexture name="anim_danse_souris/anim-danse0008" x="250" y="350" width="96" height="119" frameX="-57" frameY="-21" frameWidth="214" frameHeight="155"/>
    <SubTexture name="anim_danse_souris/anim-danse0009" x="379" y="1606" width="90" height="115" frameX="-61" frameY="-25" frameWidth="214" frameHeight="155"/>
    <SubTexture name="anim_danse_souris/anim-danse0010" x="379" y="1489" width="90" height="115" frameX="-61" frameY="-25" frameWidth="214" frameHeight="155"/>
    <SubTexture name="anim_danse_souris/anim-danse0011" x="379" y="1372" width="90" height="115" frameX="-77" frameY="-25" frameWidth="214" frameHeight="155"/>
    <SubTexture name="anim_danse_souris/anim-danse0012" x="1226" y="953" width="90" height="115" frameX="-77" frameY="-25" frameWidth="214" frameHeight="155"/>
    <SubTexture name="anim_danse_souris/anim-danse0013" x="1950" y="1398" width="94" height="119" frameX="-74" frameY="-21" frameWidth="214" frameHeight="155"/>
    <SubTexture name="anim_danse_souris/anim-danse0014" x="250" y="229" width="96" height="119" frameX="-72" frameY="-21" frameWidth="214" frameHeight="155"/>
    <SubTexture name="anim_danse_souris/anim-danse0015" x="372" y="1723" width="98" height="123" frameX="-71" frameY="-17" frameWidth="214" frameHeight="155"/>
    <SubTexture name="anim_danse_souris/anim-danse0016" x="250" y="104" width="96" height="123" frameX="-73" frameY="-17" frameWidth="214" frameHeight="155"/>
    <SubTexture name="anim_danse_souris/anim-danse0017" x="481" y="585" width="94" height="121" frameX="-74" frameY="-19" frameWidth="214" frameHeight="155"/>
    <SubTexture name="anim_danse_souris/anim-danse0018" x="1652" y="726" width="92" height="121" frameX="-76" frameY="-19" frameWidth="214" frameHeight="155"/>
    <SubTexture name="anim_danse_souris/anim-danse0019" x="1652" y="849" width="90" height="119" frameX="-77" frameY="-21" frameWidth="214" frameHeight="155"/>
    <SubTexture name="anim_pleure_souris/pleure0001" x="472" y="975" width="114" height="131" frameX="-51" frameY="-11" frameWidth="214" frameHeight="155"/>
    <SubTexture name="anim_pleure_souris/pleure0002" x="472" y="842" width="114" height="131" frameX="-51" frameY="-11" frameWidth="214" frameHeight="155"/>
    <SubTexture name="anim_pleure_souris/pleure0003" x="894" y="187" width="114" height="133" frameX="-51" frameY="-9" frameWidth="214" frameHeight="155"/>
    <SubTexture name="anim_pleure_souris/pleure0004" x="348" y="296" width="114" height="135" frameX="-51" frameY="-7" frameWidth="214" frameHeight="155"/>
    <SubTexture name="anim_pleure_souris/pleure0005" x="894" y="52" width="114" height="133" frameX="-51" frameY="-9" frameWidth="214" frameHeight="155"/>
    <SubTexture name="anim_pleure_souris/pleure0006" x="348" y="709" width="114" height="131" frameX="-51" frameY="-11" frameWidth="214" frameHeight="155"/>
    <SubTexture name="anim_pleure_souris/pleure0007" x="472" y="709" width="114" height="131" frameX="-51" frameY="-11" frameWidth="214" frameHeight="155"/>
    <SubTexture name="arbre" x="2" y="726" width="344" height="494" frameX="-1" frameY="-1" frameWidth="346" frameHeight="500"/>
    <SubTexture name="barre-faim-front" x="2" y="52" width="336" height="50" frameX="-6" frameY="-6" frameWidth="350" frameHeight="62"/>
    <SubTexture name="barre-pouvoir-back" x="972" y="889" width="350" height="62"/>
    <SubTexture name="barre-pouvoir-front" x="2" y="1222" width="336" height="50" frameX="-6" frameY="-6" frameWidth="350" frameHeight="62"/>
    <SubTexture name="cadenas" x="481" y="459" width="106" height="124" frameX="-10" frameY="-1" frameWidth="128" frameHeight="128"/>
    <SubTexture name="decor-nuage1" x="1746" y="586" width="264" height="46" frameX="-8" frameY="-14" frameWidth="276" frameHeight="68"/>
    <SubTexture name="decor-nuage2" x="972" y="953" width="252" height="80" frameX="0" frameY="-8" frameWidth="262" frameHeight="88"/>
    <SubTexture name="decor-nuage3" x="2" y="1936" width="468" height="87" frameX="-6" frameY="0" frameWidth="474" frameHeight="91"/>
    <SubTexture name="decor-nuage4" x="973" y="726" width="677" height="161" frameX="0" frameY="0" frameWidth="689" frameHeight="167"/>
    <SubTexture name="fleche-bleue" x="159" y="1657" width="105" height="70" frameX="-1" frameY="0" frameWidth="107" frameHeight="70"/>
    <SubTexture name="fleche-jaune" x="269" y="1626" width="105" height="70" frameX="-1" frameY="0" frameWidth="107" frameHeight="70"/>
    <SubTexture name="fleche-rouge" x="109" y="361" width="105" height="70" frameX="-1" frameY="0" frameWidth="107" frameHeight="70"/>
    <SubTexture name="fleche-verte" x="2" y="361" width="105" height="70" frameX="-1" frameY="0" frameWidth="107" frameHeight="70"/>
    <SubTexture name="fromage0001" x="49" y="1530" width="108" height="62" frameX="0" frameY="-4" frameWidth="110" frameHeight="68"/>
    <SubTexture name="herbe_2_1" x="2" y="104" width="240" height="120"/>
    <SubTexture name="interface-achievement-fond-decoupee" x="1019" y="50" width="725" height="674"/>
    <SubTexture name="logo-atelier801-bleu-300" x="2" y="433" width="246" height="272" frameX="-26" frameY="-12" frameWidth="300" frameHeight="300"/>
    <SubTexture name="logo-runforcheese" x="472" y="52" width="420" height="258" frameX="-4" frameY="-5" frameWidth="428" frameHeight="266"/>
    <SubTexture name="touch" x="848" y="452" width="128" height="128"/>
    <SubTexture name="touch3" x="848" y="322" width="128" height="128"/>
</TextureAtlas>
