<?xml version="1.0" encoding="UTF-8"?>
<!-- Created with TexturePacker http://www.codeandweb.com/texturepacker-->
<!-- $TexturePacker:SmartUpdate:cc0ba95ae37fa6c9d896c601e4f235fe$ -->
<TextureAtlas imagePath="spritesheet.png">
    <SubTexture name="anim_course_chamane_argentee/0001" x="1358" y="580" width="203" height="164" frameX="-21" frameY="-35" frameWidth="275" frameHeight="200"/>
    <SubTexture name="anim_course_chamane_argentee/0002" x="1756" y="1165" width="199" height="142" frameX="-25" frameY="-34" frameWidth="275" frameHeight="200"/>
    <SubTexture name="anim_course_chamane_argentee/0003" x="414" y="870" width="203" height="134" frameX="-29" frameY="-18" frameWidth="275" frameHeight="200"/>
    <SubTexture name="anim_course_chamane_argentee/0004" x="610" y="1162" width="197" height="122" frameX="-35" frameY="-18" frameWidth="275" frameHeight="200"/>
    <SubTexture name="anim_course_chamane_argentee/0005" x="1354" y="1048" width="199" height="150" frameX="-42" frameY="-6" frameWidth="275" frameHeight="200"/>
    <SubTexture name="anim_course_chamane_argentee/0006" x="1585" y="365" width="209" height="130" frameX="-32" frameY="-26" frameWidth="275" frameHeight="200"/>
    <SubTexture name="anim_course_chamane_argentee/0007" x="227" y="398" width="219" height="122" frameX="-23" frameY="-37" frameWidth="275" frameHeight="200"/>
    <SubTexture name="anim_course_chamane_argentee/0008" x="1165" y="126" width="225" height="122" frameX="-17" frameY="-37" frameWidth="275" frameHeight="200"/>
    <SubTexture name="anim_course_chamane_argentee/0009" x="2" y="2" width="233" height="122" frameX="-9" frameY="-31" frameWidth="275" frameHeight="200"/>
    <SubTexture name="anim_course_chamane_argentee/0010" x="1619" y="2" width="225" height="122" frameX="-17" frameY="-31" frameWidth="275" frameHeight="200"/>
    <SubTexture name="anim_course_chamane_argentee/0011" x="1767" y="707" width="201" height="144" frameX="-28" frameY="-27" frameWidth="275" frameHeight="200"/>
    <SubTexture name="anim_course_chamane_argentee/0012" x="1767" y="707" width="201" height="144" frameX="-28" frameY="-27" frameWidth="275" frameHeight="200"/>
    <SubTexture name="anim_course_chamane_bleue/0001" x="436" y="538" width="205" height="176" frameX="-8" frameY="-14" frameWidth="265" frameHeight="192"/>
    <SubTexture name="anim_course_chamane_bleue/0002" x="1041" y="919" width="199" height="154" frameX="-14" frameY="-15" frameWidth="265" frameHeight="192"/>
    <SubTexture name="anim_course_chamane_bleue/0003" x="619" y="878" width="203" height="128" frameX="-18" frameY="-15" frameWidth="265" frameHeight="192"/>
    <SubTexture name="anim_course_chamane_bleue/0004" x="199" y="1201" width="195" height="128" frameX="-26" frameY="-15" frameWidth="265" frameHeight="192"/>
    <SubTexture name="anim_course_chamane_bleue/0005" x="1553" y="1208" width="197" height="152" frameX="-34" frameY="-7" frameWidth="265" frameHeight="192"/>
    <SubTexture name="anim_course_chamane_bleue/0006" x="872" y="546" width="205" height="134" frameX="-26" frameY="-25" frameWidth="265" frameHeight="192"/>
    <SubTexture name="anim_course_chamane_bleue/0007" x="1368" y="264" width="215" height="136" frameX="-17" frameY="-27" frameWidth="265" frameHeight="192"/>
    <SubTexture name="anim_course_chamane_bleue/0008" x="2" y="262" width="223" height="136" frameX="-9" frameY="-27" frameWidth="265" frameHeight="192"/>
    <SubTexture name="anim_course_chamane_bleue/0009" x="934" y="2" width="229" height="134" frameX="-3" frameY="-22" frameWidth="265" frameHeight="192"/>
    <SubTexture name="anim_course_chamane_bleue/0010" x="918" y="274" width="223" height="134" frameX="-9" frameY="-22" frameWidth="265" frameHeight="192"/>
    <SubTexture name="anim_course_chamane_bleue/0011" x="848" y="682" width="203" height="152" frameX="-15" frameY="-12" frameWidth="265" frameHeight="192"/>
    <SubTexture name="anim_course_chamane_bleue/0012" x="848" y="682" width="203" height="152" frameX="-15" frameY="-12" frameWidth="265" frameHeight="192"/>
    <SubTexture name="anim_course_chamane_noire/0001" x="665" y="410" width="205" height="176" frameX="-8" frameY="-14" frameWidth="265" frameHeight="192"/>
    <SubTexture name="anim_course_chamane_noire/0002" x="1758" y="1009" width="199" height="154" frameX="-14" frameY="-15" frameWidth="265" frameHeight="192"/>
    <SubTexture name="anim_course_chamane_noire/0003" x="836" y="836" width="203" height="128" frameX="-18" frameY="-15" frameWidth="265" frameHeight="192"/>
    <SubTexture name="anim_course_chamane_noire/0004" x="2" y="1201" width="195" height="128" frameX="-26" frameY="-15" frameWidth="265" frameHeight="192"/>
    <SubTexture name="anim_course_chamane_noire/0005" x="1354" y="1200" width="197" height="152" frameX="-34" frameY="-7" frameWidth="265" frameHeight="192"/>
    <SubTexture name="anim_course_chamane_noire/0006" x="1079" y="487" width="205" height="134" frameX="-26" frameY="-25" frameWidth="265" frameHeight="192"/>
    <SubTexture name="anim_course_chamane_noire/0007" x="2" y="538" width="215" height="136" frameX="-17" frameY="-27" frameWidth="265" frameHeight="192"/>
    <SubTexture name="anim_course_chamane_noire/0008" x="233" y="260" width="223" height="136" frameX="-9" frameY="-27" frameWidth="265" frameHeight="192"/>
    <SubTexture name="anim_course_chamane_noire/0009" x="703" y="2" width="229" height="134" frameX="-3" frameY="-22" frameWidth="265" frameHeight="192"/>
    <SubTexture name="anim_course_chamane_noire/0010" x="693" y="274" width="223" height="134" frameX="-9" frameY="-22" frameWidth="265" frameHeight="192"/>
    <SubTexture name="anim_course_chamane_noire/0011" x="2" y="812" width="203" height="152" frameX="-15" frameY="-12" frameWidth="265" frameHeight="192"/>
    <SubTexture name="anim_course_chamane_noire/0012" x="2" y="812" width="203" height="152" frameX="-15" frameY="-12" frameWidth="265" frameHeight="192"/>
    <SubTexture name="anim_course_chamane_rouge/0001" x="1825" y="529" width="205" height="176" frameX="-8" frameY="-14" frameWidth="265" frameHeight="192"/>
    <SubTexture name="anim_course_chamane_rouge/0002" x="1557" y="902" width="199" height="154" frameX="-14" frameY="-15" frameWidth="265" frameHeight="192"/>
    <SubTexture name="anim_course_chamane_rouge/0003" x="1053" y="789" width="203" height="128" frameX="-18" frameY="-15" frameWidth="265" frameHeight="192"/>
    <SubTexture name="anim_course_chamane_rouge/0004" x="1737" y="1459" width="195" height="128" frameX="-26" frameY="-15" frameWidth="265" frameHeight="192"/>
    <SubTexture name="anim_course_chamane_rouge/0005" x="1025" y="1075" width="197" height="152" frameX="-34" frameY="-7" frameWidth="265" frameHeight="192"/>
    <SubTexture name="anim_course_chamane_rouge/0006" x="872" y="410" width="205" height="134" frameX="-26" frameY="-25" frameWidth="265" frameHeight="192"/>
    <SubTexture name="anim_course_chamane_rouge/0007" x="219" y="522" width="215" height="136" frameX="-17" frameY="-27" frameWidth="265" frameHeight="192"/>
    <SubTexture name="anim_course_chamane_rouge/0008" x="468" y="138" width="223" height="136" frameX="-9" frameY="-27" frameWidth="265" frameHeight="192"/>
    <SubTexture name="anim_course_chamane_rouge/0009" x="2" y="126" width="229" height="134" frameX="-3" frameY="-22" frameWidth="265" frameHeight="192"/>
    <SubTexture name="anim_course_chamane_rouge/0010" x="1143" y="250" width="223" height="134" frameX="-9" frameY="-22" frameWidth="265" frameHeight="192"/>
    <SubTexture name="anim_course_chamane_rouge/0011" x="209" y="796" width="203" height="152" frameX="-15" frameY="-12" frameWidth="265" frameHeight="192"/>
    <SubTexture name="anim_course_chamane_rouge/0012" x="209" y="796" width="203" height="152" frameX="-15" frameY="-12" frameWidth="265" frameHeight="192"/>
    <SubTexture name="anim_course_chamane_super/0001" x="1079" y="623" width="203" height="164" frameX="-21" frameY="-35" frameWidth="275" frameHeight="200"/>
    <SubTexture name="anim_course_chamane_super/0002" x="824" y="966" width="199" height="140" frameX="-25" frameY="-35" frameWidth="275" frameHeight="200"/>
    <SubTexture name="anim_course_chamane_super/0003" x="631" y="742" width="203" height="134" frameX="-29" frameY="-18" frameWidth="275" frameHeight="200"/>
    <SubTexture name="anim_course_chamane_super/0004" x="1014" y="1229" width="197" height="120" frameX="-35" frameY="-19" frameWidth="275" frameHeight="200"/>
    <SubTexture name="anim_course_chamane_super/0005" x="1555" y="1058" width="199" height="148" frameX="-42" frameY="-7" frameWidth="275" frameHeight="200"/>
    <SubTexture name="anim_course_chamane_super/0006" x="1833" y="272" width="209" height="130" frameX="-32" frameY="-25" frameWidth="275" frameHeight="200"/>
    <SubTexture name="anim_course_chamane_super/0007" x="458" y="276" width="219" height="122" frameX="-23" frameY="-37" frameWidth="275" frameHeight="200"/>
    <SubTexture name="anim_course_chamane_super/0008" x="1392" y="2" width="225" height="122" frameX="-17" frameY="-37" frameWidth="275" frameHeight="200"/>
    <SubTexture name="anim_course_chamane_super/0009" x="237" y="2" width="233" height="120" frameX="-9" frameY="-32" frameWidth="275" frameHeight="200"/>
    <SubTexture name="anim_course_chamane_super/0010" x="1165" y="2" width="225" height="122" frameX="-17" frameY="-31" frameWidth="275" frameHeight="200"/>
    <SubTexture name="anim_course_chamane_super/0011" x="1356" y="746" width="201" height="144" frameX="-28" frameY="-27" frameWidth="275" frameHeight="200"/>
    <SubTexture name="anim_course_chamane_super/0012" x="1356" y="746" width="201" height="144" frameX="-28" frameY="-27" frameWidth="275" frameHeight="200"/>
    <SubTexture name="anim_course_chamane_turquoise/0001" x="1846" y="96" width="199" height="174" frameX="-16" frameY="-14" frameWidth="275" frameHeight="200"/>
    <SubTexture name="anim_course_chamane_turquoise/0002" x="1846" y="96" width="199" height="174" frameX="-16" frameY="-14" frameWidth="275" frameHeight="200"/>
    <SubTexture name="anim_course_chamane_turquoise/0003" x="815" y="1108" width="197" height="126" frameX="-26" frameY="-16" frameWidth="275" frameHeight="200"/>
    <SubTexture name="anim_course_chamane_turquoise/0004" x="815" y="1108" width="197" height="126" frameX="-26" frameY="-16" frameWidth="275" frameHeight="200"/>
    <SubTexture name="anim_course_chamane_turquoise/0005" x="171" y="1877" width="171" height="148" frameX="-61" frameY="-7" frameWidth="275" frameHeight="200"/>
    <SubTexture name="anim_course_chamane_turquoise/0006" x="171" y="1877" width="171" height="148" frameX="-61" frameY="-7" frameWidth="275" frameHeight="200"/>
    <SubTexture name="anim_course_chamane_turquoise/0007" x="1712" y="1589" width="181" height="132" frameX="-52" frameY="-27" frameWidth="275" frameHeight="200"/>
    <SubTexture name="anim_course_chamane_turquoise/0008" x="1712" y="1589" width="181" height="132" frameX="-52" frameY="-27" frameWidth="275" frameHeight="200"/>
    <SubTexture name="anim_course_chamane_turquoise/0009" x="1559" y="770" width="201" height="130" frameX="-32" frameY="-22" frameWidth="275" frameHeight="200"/>
    <SubTexture name="anim_course_chamane_turquoise/0010" x="1559" y="770" width="201" height="130" frameX="-32" frameY="-22" frameWidth="275" frameHeight="200"/>
    <SubTexture name="anim_course_chamane_turquoise/0011" x="1752" y="1309" width="197" height="148" frameX="-23" frameY="-12" frameWidth="275" frameHeight="200"/>
    <SubTexture name="anim_course_chamane_turquoise/0012" x="1752" y="1309" width="197" height="148" frameX="-23" frameY="-12" frameWidth="275" frameHeight="200"/>
    <SubTexture name="anim_course_chamane_verte/0001" x="1566" y="497" width="205" height="176" frameX="-8" frameY="-14" frameWidth="265" frameHeight="192"/>
    <SubTexture name="anim_course_chamane_verte/0002" x="1762" y="853" width="199" height="154" frameX="-14" frameY="-15" frameWidth="265" frameHeight="192"/>
    <SubTexture name="anim_course_chamane_verte/0003" x="2" y="966" width="203" height="128" frameX="-18" frameY="-15" frameWidth="265" frameHeight="192"/>
    <SubTexture name="anim_course_chamane_verte/0004" x="1540" y="1362" width="195" height="128" frameX="-26" frameY="-15" frameWidth="265" frameHeight="192"/>
    <SubTexture name="anim_course_chamane_verte/0005" x="411" y="1131" width="197" height="152" frameX="-34" frameY="-7" frameWidth="265" frameHeight="192"/>
    <SubTexture name="anim_course_chamane_verte/0006" x="2" y="676" width="205" height="134" frameX="-26" frameY="-25" frameWidth="265" frameHeight="192"/>
    <SubTexture name="anim_course_chamane_verte/0007" x="448" y="400" width="215" height="136" frameX="-17" frameY="-27" frameWidth="265" frameHeight="192"/>
    <SubTexture name="anim_course_chamane_verte/0008" x="1617" y="126" width="223" height="136" frameX="-9" frameY="-27" frameWidth="265" frameHeight="192"/>
    <SubTexture name="anim_course_chamane_verte/0009" x="237" y="124" width="229" height="134" frameX="-3" frameY="-22" frameWidth="265" frameHeight="192"/>
    <SubTexture name="anim_course_chamane_verte/0010" x="918" y="138" width="223" height="134" frameX="-9" frameY="-22" frameWidth="265" frameHeight="192"/>
    <SubTexture name="anim_course_chamane_verte/0011" x="426" y="716" width="203" height="152" frameX="-15" frameY="-12" frameWidth="265" frameHeight="192"/>
    <SubTexture name="anim_course_chamane_verte/0012" x="426" y="716" width="203" height="152" frameX="-15" frameY="-12" frameWidth="265" frameHeight="192"/>
    <SubTexture name="anim_course_chamane_violette/0001" x="1359" y="402" width="205" height="176" frameX="-8" frameY="-14" frameWidth="265" frameHeight="192"/>
    <SubTexture name="anim_course_chamane_violette/0002" x="1356" y="892" width="199" height="154" frameX="-14" frameY="-15" frameWidth="265" frameHeight="192"/>
    <SubTexture name="anim_course_chamane_violette/0003" x="207" y="950" width="203" height="128" frameX="-18" frameY="-15" frameWidth="265" frameHeight="192"/>
    <SubTexture name="anim_course_chamane_violette/0004" x="1343" y="1354" width="195" height="128" frameX="-26" frameY="-15" frameWidth="265" frameHeight="192"/>
    <SubTexture name="anim_course_chamane_violette/0005" x="616" y="1008" width="197" height="152" frameX="-34" frameY="-7" frameWidth="265" frameHeight="192"/>
    <SubTexture name="anim_course_chamane_violette/0006" x="219" y="660" width="205" height="134" frameX="-26" frameY="-25" frameWidth="265" frameHeight="192"/>
    <SubTexture name="anim_course_chamane_violette/0007" x="2" y="400" width="215" height="136" frameX="-17" frameY="-27" frameWidth="265" frameHeight="192"/>
    <SubTexture name="anim_course_chamane_violette/0008" x="1392" y="126" width="223" height="136" frameX="-9" frameY="-27" frameWidth="265" frameHeight="192"/>
    <SubTexture name="anim_course_chamane_violette/0009" x="472" y="2" width="229" height="134" frameX="-3" frameY="-22" frameWidth="265" frameHeight="192"/>
    <SubTexture name="anim_course_chamane_violette/0010" x="693" y="138" width="223" height="134" frameX="-9" frameY="-22" frameWidth="265" frameHeight="192"/>
    <SubTexture name="anim_course_chamane_violette/0011" x="643" y="588" width="203" height="152" frameX="-15" frameY="-12" frameWidth="265" frameHeight="192"/>
    <SubTexture name="anim_course_chamane_violette/0012" x="643" y="588" width="203" height="152" frameX="-15" frameY="-12" frameWidth="265" frameHeight="192"/>
    <SubTexture name="anim_course_souris/0001" x="1828" y="404" width="206" height="123" frameX="0" frameY="-48" frameWidth="260" frameHeight="195"/>
    <SubTexture name="anim_course_souris/0002" x="412" y="1006" width="202" height="123" frameX="-3" frameY="-48" frameWidth="260" frameHeight="195"/>
    <SubTexture name="anim_course_souris/0003" x="1563" y="675" width="202" height="93" frameX="-12" frameY="-52" frameWidth="260" frameHeight="195"/>
    <SubTexture name="anim_course_souris/0004" x="396" y="1285" width="192" height="101" frameX="-22" frameY="-44" frameWidth="260" frameHeight="195"/>
    <SubTexture name="anim_course_souris/0005" x="1515" y="1720" width="174" height="155" frameX="-49" frameY="-7" frameWidth="260" frameHeight="195"/>
    <SubTexture name="anim_course_souris/0006" x="970" y="1463" width="182" height="135" frameX="-41" frameY="-27" frameWidth="260" frameHeight="195"/>
    <SubTexture name="anim_course_souris/0007" x="784" y="1330" width="190" height="119" frameX="-35" frameY="-47" frameWidth="260" frameHeight="195"/>
    <SubTexture name="anim_course_souris/0008" x="2" y="1096" width="202" height="103" frameX="-23" frameY="-63" frameWidth="260" frameHeight="195"/>
    <SubTexture name="anim_course_souris/0009" x="1585" y="264" width="210" height="99" frameX="-15" frameY="-58" frameWidth="260" frameHeight="195"/>
    <SubTexture name="anim_course_souris/0010" x="1143" y="386" width="214" height="99" frameX="-11" frameY="-58" frameWidth="260" frameHeight="195"/>
    <SubTexture name="anim_course_souris/0011" x="207" y="1080" width="202" height="119" frameX="-8" frameY="-48" frameWidth="260" frameHeight="195"/>
    <SubTexture name="anim_course_souris/0012" x="207" y="1080" width="202" height="119" frameX="-8" frameY="-48" frameWidth="260" frameHeight="195"/>
    <SubTexture name="anim_course_squelette/0001" x="590" y="1386" width="190" height="118" frameX="0" frameY="-47" frameWidth="240" frameHeight="174"/>
    <SubTexture name="anim_course_squelette/0002" x="1342" y="1484" width="184" height="118" frameX="-6" frameY="-47" frameWidth="240" frameHeight="174"/>
    <SubTexture name="anim_course_squelette/0003" x="782" y="1451" width="186" height="90" frameX="-12" frameY="-49" frameWidth="240" frameHeight="174"/>
    <SubTexture name="anim_course_squelette/0004" x="1528" y="1492" width="182" height="96" frameX="-16" frameY="-43" frameWidth="240" frameHeight="174"/>
    <SubTexture name="anim_course_squelette/0005" x="1168" y="1376" width="172" height="146" frameX="-35" frameY="-9" frameWidth="240" frameHeight="174"/>
    <SubTexture name="anim_course_squelette/0006" x="1528" y="1590" width="176" height="128" frameX="-31" frameY="-27" frameWidth="240" frameHeight="174"/>
    <SubTexture name="anim_course_squelette/0007" x="1154" y="1524" width="182" height="112" frameX="-26" frameY="-46" frameWidth="240" frameHeight="174"/>
    <SubTexture name="anim_course_squelette/0008" x="590" y="1286" width="192" height="98" frameX="-16" frameY="-60" frameWidth="240" frameHeight="174"/>
    <SubTexture name="anim_course_squelette/0009" x="809" y="1236" width="196" height="92" frameX="-12" frameY="-56" frameWidth="240" frameHeight="174"/>
    <SubTexture name="anim_course_squelette/0010" x="1846" y="2" width="200" height="92" frameX="-8" frameY="-56" frameWidth="240" frameHeight="174"/>
    <SubTexture name="anim_course_squelette/0011" x="976" y="1351" width="190" height="110" frameX="-6" frameY="-47" frameWidth="240" frameHeight="174"/>
    <SubTexture name="anim_course_squelette/0012" x="976" y="1351" width="190" height="110" frameX="-6" frameY="-47" frameWidth="240" frameHeight="174"/>
    <SubTexture name="anim_course_vampire/0001" x="992" y="1718" width="160" height="116" frameX="-10" frameY="-40" frameWidth="220" frameHeight="160"/>
    <SubTexture name="anim_course_vampire/0002" x="1154" y="1638" width="160" height="116" frameX="-10" frameY="-40" frameWidth="220" frameHeight="160"/>
    <SubTexture name="anim_course_vampire/0003" x="896" y="1836" width="158" height="116" frameX="-21" frameY="-19" frameWidth="220" frameHeight="160"/>
    <SubTexture name="anim_course_vampire/0004" x="432" y="1388" width="156" height="116" frameX="-23" frameY="-19" frameWidth="220" frameHeight="160"/>
    <SubTexture name="anim_course_vampire/0005" x="160" y="1638" width="154" height="136" frameX="-34" frameY="-18" frameWidth="220" frameHeight="160"/>
    <SubTexture name="anim_course_vampire/0006" x="2" y="1638" width="156" height="136" frameX="-32" frameY="-18" frameWidth="220" frameHeight="160"/>
    <SubTexture name="anim_course_vampire/0007" x="992" y="1600" width="160" height="116" frameX="-29" frameY="-34" frameWidth="220" frameHeight="160"/>
    <SubTexture name="anim_course_vampire/0008" x="175" y="1388" width="166" height="116" frameX="-23" frameY="-34" frameWidth="220" frameHeight="160"/>
    <SubTexture name="anim_course_vampire/0009" x="1863" y="1737" width="168" height="110" frameX="-21" frameY="-33" frameWidth="220" frameHeight="160"/>
    <SubTexture name="anim_course_vampire/0010" x="1691" y="1723" width="170" height="110" frameX="-19" frameY="-33" frameWidth="220" frameHeight="160"/>
    <SubTexture name="anim_course_vampire/0011" x="1691" y="1835" width="160" height="120" frameX="-16" frameY="-31" frameWidth="220" frameHeight="160"/>
    <SubTexture name="anim_course_vampire/0012" x="1691" y="1835" width="160" height="120" frameX="-16" frameY="-31" frameWidth="220" frameHeight="160"/>
    <SubTexture name="anim_heureuse_souris/0001" x="1242" y="1007" width="110" height="129" frameX="-43" frameY="-15" frameWidth="214" frameHeight="155"/>
    <SubTexture name="anim_heureuse_souris/0002" x="332" y="1506" width="108" height="129" frameX="-44" frameY="-15" frameWidth="214" frameHeight="155"/>
    <SubTexture name="anim_heureuse_souris/0003" x="222" y="1506" width="108" height="129" frameX="-44" frameY="-15" frameWidth="214" frameHeight="155"/>
    <SubTexture name="anim_heureuse_souris/0004" x="112" y="1506" width="108" height="129" frameX="-43" frameY="-15" frameWidth="214" frameHeight="155"/>
    <SubTexture name="anim_heureuse_souris/0005" x="2" y="1506" width="108" height="129" frameX="-43" frameY="-15" frameWidth="214" frameHeight="155"/>
    <SubTexture name="anim_heureuse_souris/0006" x="1934" y="1504" width="108" height="129" frameX="-43" frameY="-15" frameWidth="214" frameHeight="155"/>
    <SubTexture name="anim_pleure_souris/pleure0001" x="442" y="1577" width="114" height="131" frameX="-51" frameY="-11" frameWidth="214" frameHeight="155"/>
    <SubTexture name="anim_pleure_souris/pleure0002" x="780" y="1735" width="114" height="131" frameX="-51" frameY="-11" frameWidth="214" frameHeight="155"/>
    <SubTexture name="anim_pleure_souris/pleure0003" x="432" y="1735" width="114" height="133" frameX="-51" frameY="-9" frameWidth="214" frameHeight="155"/>
    <SubTexture name="anim_pleure_souris/pleure0004" x="316" y="1638" width="114" height="135" frameX="-51" frameY="-7" frameWidth="214" frameHeight="155"/>
    <SubTexture name="anim_pleure_souris/pleure0005" x="872" y="1600" width="114" height="133" frameX="-51" frameY="-9" frameWidth="214" frameHeight="155"/>
    <SubTexture name="anim_pleure_souris/pleure0006" x="664" y="1735" width="114" height="131" frameX="-51" frameY="-11" frameWidth="214" frameHeight="155"/>
    <SubTexture name="anim_pleure_souris/pleure0007" x="548" y="1735" width="114" height="131" frameX="-51" frameY="-11" frameWidth="214" frameHeight="155"/>
    <SubTexture name="balle" x="1970" y="707" width="75" height="74"/>
    <SubTexture name="ballon1" x="343" y="1388" width="74" height="98"/>
    <SubTexture name="ballon2" x="282" y="1776" width="74" height="98"/>
    <SubTexture name="ballon3" x="206" y="1776" width="74" height="98"/>
    <SubTexture name="ballon4" x="1951" y="1404" width="74" height="98"/>
    <SubTexture name="bois_128_32" x="1154" y="1790" width="128" height="32"/>
    <SubTexture name="bois_rotatif_128_32" x="1056" y="1836" width="128" height="32"/>
    <SubTexture name="bonus-bulle" x="1957" y="1264" width="80" height="80"/>
    <SubTexture name="bonus-eclair" x="1957" y="1182" width="80" height="80"/>
    <SubTexture name="bonus-fleche" x="1959" y="1100" width="80" height="80"/>
    <SubTexture name="bonus-fromage" x="1959" y="1018" width="80" height="80"/>
    <SubTexture name="bonus-pierre" x="1963" y="936" width="80" height="80"/>
    <SubTexture name="bonus-super" x="1963" y="854" width="80" height="80"/>
    <SubTexture name="boulet" x="1773" y="497" width="50" height="50"/>
    <SubTexture name="bulle-grande" x="1338" y="1604" width="175" height="175"/>
    <SubTexture name="bulle-petite" x="358" y="1775" width="67" height="66" frameX="-1" frameY="-1" frameWidth="69" frameHeight="68"/>
    <SubTexture name="caisse_bonus_96_96" x="1258" y="909" width="96" height="96"/>
    <SubTexture name="chocolat_128_32" x="1056" y="1877" width="128" height="32"/>
    <SubTexture name="coeur" x="1797" y="311" width="34" height="28"/>
    <SubTexture name="crane" x="1079" y="410" width="60" height="64" frameX="-2" frameY="0" frameWidth="64" frameHeight="64"/>
    <SubTexture name="eclair-bleu" x="1797" y="341" width="30" height="51"/>
    <SubTexture name="eclair-jaune" x="1796" y="394" width="30" height="49"/>
    <SubTexture name="enclume" x="658" y="1506" width="120" height="65"/>
    <SubTexture name="etoile-grande" x="104" y="1781" width="100" height="91"/>
    <SubTexture name="etoile-rouge" x="2" y="1781" width="100" height="91"/>
    <SubTexture name="fleche-bleue" x="765" y="1877" width="105" height="70" frameX="-1" frameY="0" frameWidth="107" frameHeight="70"/>
    <SubTexture name="fleche-jaune" x="765" y="1957" width="105" height="70" frameX="-1" frameY="0" frameWidth="107" frameHeight="70"/>
    <SubTexture name="fleche-rouge" x="658" y="1877" width="105" height="70" frameX="-1" frameY="0" frameWidth="107" frameHeight="70"/>
    <SubTexture name="fleche-verte" x="658" y="1957" width="105" height="70" frameX="-1" frameY="0" frameWidth="107" frameHeight="70"/>
    <SubTexture name="fraise" x="586" y="1957" width="70" height="71"/>
    <SubTexture name="fromage-mini" x="251" y="1331" width="74" height="46"/>
    <SubTexture name="fromage-moisi0003" x="872" y="1957" width="118" height="68" frameX="-2" frameY="-5" frameWidth="122" frameHeight="76"/>
    <SubTexture name="fromage0001" x="548" y="1506" width="108" height="62" frameX="0" frameY="-4" frameWidth="110" frameHeight="68"/>
    <SubTexture name="fromages-dos1" x="175" y="1331" width="74" height="46" frameX="-22" frameY="-64" frameWidth="110" frameHeight="110"/>
    <SubTexture name="fromages-dos2" x="1951" y="1346" width="90" height="56" frameX="-6" frameY="-54" frameWidth="110" frameHeight="110"/>
    <SubTexture name="fromages-dos3" x="560" y="1877" width="96" height="72" frameX="-7" frameY="-38" frameWidth="110" frameHeight="110"/>
    <SubTexture name="fromages-dos4" x="344" y="1957" width="96" height="86" frameX="-7" frameY="-24" frameWidth="110" frameHeight="110"/>
    <SubTexture name="fromages-dos5" x="1258" y="807" width="96" height="100" frameX="-7" frameY="-10" frameWidth="110" frameHeight="110"/>
    <SubTexture name="glace_128_32" x="992" y="1991" width="128" height="32"/>
    <SubTexture name="herbe_128_32" x="992" y="1957" width="128" height="32"/>
    <SubTexture name="jump_128_32" x="1154" y="1756" width="128" height="32"/>
    <SubTexture name="lave_128_32" x="780" y="1543" width="128" height="32"/>
    <SubTexture name="mystere_128_32" x="1895" y="1703" width="128" height="32"/>
    <SubTexture name="neige_128_32" x="1895" y="1669" width="128" height="32"/>
    <SubTexture name="nuage-petit" x="1970" y="783" width="75" height="69"/>
    <SubTexture name="nuage_128_32" x="1895" y="1635" width="128" height="32"/>
    <SubTexture name="pierre_128_32" x="1213" y="1342" width="128" height="32"/>
    <SubTexture name="plume-argentee" x="514" y="1957" width="70" height="78"/>
    <SubTexture name="plume-bleue" x="488" y="1877" width="70" height="78"/>
    <SubTexture name="plume-jaune" x="442" y="1957" width="70" height="78"/>
    <SubTexture name="plume-noire" x="416" y="1877" width="70" height="78"/>
    <SubTexture name="plume-rouge" x="344" y="1877" width="70" height="78"/>
    <SubTexture name="plume-turquoise" x="1284" y="727" width="70" height="78"/>
    <SubTexture name="plume-verte" x="1284" y="647" width="70" height="78"/>
    <SubTexture name="plume-violette" x="1286" y="567" width="70" height="78"/>
    <SubTexture name="pomme" x="1286" y="487" width="70" height="78"/>
    <SubTexture name="pouvoir-batisseuse" x="2" y="1331" width="171" height="173" frameX="-2" frameY="-1" frameWidth="175" frameHeight="175"/>
    <SubTexture name="pouvoir-super" x="2" y="1877" width="167" height="167" frameX="-2" frameY="-1" frameWidth="175" frameHeight="175"/>
    <SubTexture name="question" x="1797" y="264" width="34" height="45"/>
    <SubTexture name="radioactive_128_32" x="1213" y="1308" width="128" height="32"/>
    <SubTexture name="sable_128_32" x="1213" y="1274" width="128" height="32"/>
    <SubTexture name="super_trampoline_128_32" x="1213" y="1240" width="128" height="32"/>
    <SubTexture name="terre_128_32" x="1224" y="1206" width="128" height="32"/>
    <SubTexture name="trampoline_128_32" x="1224" y="1172" width="128" height="32"/>
    <SubTexture name="verre_128_32" x="1224" y="1138" width="128" height="32"/>
</TextureAtlas>
